unit,subunit,SciName,PRIMARY_COM_NAME,HebName,IsBreeding,Column1,Column2
Arid South,NA,Acridotheres tristis,Common Myna,מיינה מצויה,1,,
Arid South,NA,Ammomanes cinctura,Bar-tailed Lark,עפרוני חכלילי,1,,
Arid South,NA,Ammomanes deserti,Desert Lark,עפרוני מדבר,1,,
Arid South,NA,Ammoperdix heyi,Sand Partridge,קורא מדברי,1,,
Arid South,NA,Anthus campestris,Tawny Pipit,פפיון צהוב,0,,
Arid South,NA,Apus apus,Common Swift,סיס חומות,0,,
Arid South,NA,Apus pallidus,Pallid Swift,סיס חוורוור,0,?,"דוגר במצוקי חוור בדרום, אבל יש גם אלפים מאוכלוסיות נודדות"
Arid South,NA,Ardeola ralloides,Squacco Heron,אנפית סוף,0,,
Arid South,NA,Argya squamiceps,Arabian Babbler,זנבן ערבי,1,,
Arid South,NA,Bucanetes githagineus,Trumpeter Finch,חצוצרן מדבר,1,,
Arid South,NA,Burhinus oedicnemus,Eurasian Thick-knee,כרוון מצוי,1,,
Arid South,NA,Buteo buteo,Common Buzzard,עקב חורף,0,,
Arid South,NA,Calandrella brachydactyla,Greater Short-toed Lark,עפרונן קצר-אצבעות,0,,
Arid South,NA,Cercotrichas galactotes,Rufous-tailed Scrub-Robin,חמריה חלודת-זנב,1,,
Arid South,NA,Cinnyris osea,Palestine Sunbird,צופית בוהקת,1,,
Arid South,NA,Columba livia,Rock Pigeon,יונת סלעים,1,,
Arid South,NA,Corvus ruficollis,Brown-necked Raven,עורב חום-עורף,1,,
Arid South,NA,Cuculus canorus,Common Cuckoo,קוקיה אירופית,0,,
Arid South,NA,Curruca crassirostris,Eastern Orphean Warbler,סבכי חורש,0,,
Arid South,NA,Curruca curruca,Lesser Whitethroat,סבכי טוחנים,0,,
Arid South,NA,Curruca leucomelaena,Arabian Warbler,סבכי שיטים,1,,
Arid South,NA,Delichon urbicum,Common House-Martin,טסית בתים,0,,
Arid South,NA,Emberiza caesia,Cretzschmar's Bunting,גיבתון אדום-מקור,0,,
Arid South,NA,Emberiza hortulana,Ortolan Bunting,גיבתון גנים,0,,
Arid South,NA,Euodice malabarica,Indian Silverbill,כסוף-מקור הודי,1,,
Arid South,NA,Falco peregrinus pelegrinoides,Peregrine Falcon (Barbary),בז נודד מדברי,1,,
Arid South,NA,Falco subbuteo,Eurasian Hobby,בז עצים,0,,
Arid South,NA,Falco tinnunculus,Eurasian Kestrel,בז מצוי,1,,
Arid South,NA,Galerida cristata,Crested Lark,עפרוני מצויץ,1,,
Arid South,NA,Halcyon smyrnensis,White-throated Kingfisher,שלדג לבן חזה,1,,
Arid South,NA,Hippolais olivetorum,Olive-tree Warbler,שיחנית זית,0,,
Arid South,NA,Hirundo rustica,Barn Swallow,סנונית רפתות,0,,
Arid South,NA,Iduna pallida,Eastern Olivaceous Warbler,שיחנית קטנה,1,,
Arid South,NA,Lanius collurio,Red-backed Shrike,חנקן אדום-גב,0,,
Arid South,NA,Lanius excubitor,Great Gray Shrike,חנקן גדול,1,,
Arid South,NA,Lanius nubicus,Masked Shrike,חנקן נובי,0,,
Arid South,NA,Luscinia megarhynchos,Common Nightingale,זמיר הירדן,0,,
Arid South,NA,Merops apiaster,European Bee-eater,שרקרק מצוי,0,,
Arid South,NA,Merops cyanophrys,Arabian Green Bee-eater,שרקרק גמדי,1,,
Arid South,NA,Merops persicus,Blue-cheeked Bee-eater,שרקרק ירוק,0,,
Arid South,NA,Milvus migrans,Black Kite,דיה שחורה,0,,
Arid South,NA,Motacilla flava,Western Yellow Wagtail,נחליאלי צהוב,0,,
Arid South,NA,Muscicapa striata,Spotted Flycatcher,חטפית אפורה,0,,
Arid South,NA,Oena capensis,Namaqua Dove,תורית זנבנית,1,,
Arid South,NA,Oenanthe hispanica/melanoleuca,Western/Eastern Black-eared Wheatear,סלעית קיץ,0,,
Arid South,NA,Oenanthe leucopyga,White-crowned Wheatear,סלעית שחורת-בטן,1,,
Arid South,NA,Oenanthe melanura,Blackstart,שחור זנב,1,,
Arid South,NA,Oenanthe monacha,Hooded Wheatear,סלעית נזירה,1,,
Arid South,NA,Onychognathus tristramii,Tristram's Starling,טריסטרמית,1,,
Arid South,NA,Passer domesticus,House Sparrow,דרור הבית,1,,
Arid South,NA,Passer hispaniolensis,Spanish Sparrow,דרור ספרדי,0,?,יכול לדגור גם בדרום אבל בעיקרו חורף
Arid South,NA,Phylloscopus collybita,Common Chiffchaff,עלווית חורף,0,,
Arid South,NA,Phylloscopus orientalis,Eastern Bonelli's Warbler,עלווית לבנת-בטן,0,,
Arid South,NA,Prinia gracilis,Graceful Prinia,פשוש,1,,
Arid South,NA,Ptyonoprogne fuligula,Rock Martin,סנונית מדבר,1,,
Arid South,NA,Pycnonotus xanthopygos,White-spectacled Bulbul,בולבול ממושקף,1,,
Arid South,NA,Rhodospiza obsoleta,Desert Finch,חצוצרן שחור-מקור,1,,
Arid South,NA,Scotocerca inquieta,Scrub Warbler,מדברון,1,,
Arid South,NA,Spilopelia senegalensis,Laughing Dove,צוצלת,1,,
Arid South,NA,Streptopelia decaocto,Eurasian Collared-Dove,תור צווארון,1,,
Arid South,NA,Streptopelia turtur,European Turtle-Dove,תור מצוי,1,,
Arid South,NA,Upupa epops,Eurasian Hoopoe,דוכיפת,1,,
Arid South,NA,Vanellus spinosus,Spur-winged Lapwing,סיקסק,1,,
Herbaceous and Dwarf-Shrub Vegetation,NA,Accipiter nisus,Eurasian Sparrowhawk,נץ מצוי,1,,
Herbaceous and Dwarf-Shrub Vegetation,NA,Acridotheres tristis,Common Myna,מיינה מצויה,1,,
Herbaceous and Dwarf-Shrub Vegetation,NA,Acrocephalus scirpaceus,Common Reed Warbler,קנית קטנה,1,,
Herbaceous and Dwarf-Shrub Vegetation,NA,Alectoris chukar,Chukar,חוגלת סלעים,1,,
Herbaceous and Dwarf-Shrub Vegetation,NA,Anas platyrhynchos,Mallard,ברכיה,1,,
Herbaceous and Dwarf-Shrub Vegetation,NA,Anthus campestris,Tawny Pipit,פפיון צהוב,0,,
Herbaceous and Dwarf-Shrub Vegetation,NA,Anthus similis,Long-billed Pipit,פפיון הרים,1,,
Herbaceous and Dwarf-Shrub Vegetation,NA,Apus affinis,Little Swift,סיס גליל,0,?,"דוגר בגולן, בגליל, ובמדבר יהודה"
Herbaceous and Dwarf-Shrub Vegetation,NA,Apus apus,Common Swift,סיס חומות,1,,
Herbaceous and Dwarf-Shrub Vegetation,NA,Apus melba,Alpine Swift,סיס הרים,0,,
Herbaceous and Dwarf-Shrub Vegetation,NA,Athene noctua,Little Owl,כוס החורבות,1,,
Herbaceous and Dwarf-Shrub Vegetation,NA,Bubulcus ibis,Cattle Egret,אנפית בקר,1,,
Herbaceous and Dwarf-Shrub Vegetation,NA,Burhinus oedicnemus,Eurasian Thick-knee,כרוון מצוי,1,,
Herbaceous and Dwarf-Shrub Vegetation,NA,Buteo buteo,Common Buzzard,עקב חורף,0,,
Herbaceous and Dwarf-Shrub Vegetation,NA,Buteo rufinus,Long-legged Buzzard,עקב עיטי,1,,
Herbaceous and Dwarf-Shrub Vegetation,NA,Calandrella brachydactyla,Greater Short-toed Lark,עפרונן קצר-אצבעות,0,,
Herbaceous and Dwarf-Shrub Vegetation,NA,Carduelis carduelis,European Goldfinch,חוחית,1,,
Herbaceous and Dwarf-Shrub Vegetation,NA,Cecropis daurica,Red-rumped Swallow,סנונית מערות,1,,
Herbaceous and Dwarf-Shrub Vegetation,NA,Cercotrichas galactotes,Rufous-tailed Scrub-Robin,חמריה חלודת-זנב,1,,
Herbaceous and Dwarf-Shrub Vegetation,NA,Cettia cetti,Cetti's Warbler,צטיה חלודית,1,,
Herbaceous and Dwarf-Shrub Vegetation,NA,Chloris chloris,European Greenfinch,ירקון,1,,
Herbaceous and Dwarf-Shrub Vegetation,NA,Cinnyris osea,Palestine Sunbird,צופית בוהקת,1,,
Herbaceous and Dwarf-Shrub Vegetation,NA,Circaetus gallicus,Short-toed Snake-Eagle,חיוויאי הנחשים,1,,
Herbaceous and Dwarf-Shrub Vegetation,NA,Circus aeruginosus,Eurasian Marsh-Harrier,זרון סוף,0,,
Herbaceous and Dwarf-Shrub Vegetation,NA,Cisticola juncidis,Zitting Cisticola,תפר,1,,
Herbaceous and Dwarf-Shrub Vegetation,NA,Clamator glandarius,Great Spotted Cuckoo,קוקיה מצויצת,1,,
Herbaceous and Dwarf-Shrub Vegetation,NA,Clanga pomarina,Lesser Spotted Eagle,עיט חורש,0,,
Herbaceous and Dwarf-Shrub Vegetation,NA,Columba livia,Rock Pigeon,יונת סלעים,1,,
Herbaceous and Dwarf-Shrub Vegetation,NA,Coracias garrulus,European Roller,כחל מצוי,1,,
Herbaceous and Dwarf-Shrub Vegetation,NA,Corvus corax,Common Raven,עורב שחור,1,,
Herbaceous and Dwarf-Shrub Vegetation,NA,Corvus cornix,Hooded Crow,עורב אפור,1,,
Herbaceous and Dwarf-Shrub Vegetation,NA,Corvus monedula,Eurasian Jackdaw,קאק,1,,
Herbaceous and Dwarf-Shrub Vegetation,NA,Coturnix coturnix,Common Quail,שליו נודד,1,,
Herbaceous and Dwarf-Shrub Vegetation,NA,Cuculus canorus,Common Cuckoo,קוקיה אירופית,0,?,"נכון להיום קוקיה אירופית נמצאה מטפילה קיני מדברונים ופפיוני הרים בלבד, בבתות ספר ובתה ים-תיכונית. פפיוני הרים דוגרים בגבעות סירה קוצנית, ונמנעים מבתות עם שיחים גדולים יותר. מחוץ לאיזור המדברי, מדברונים עושים כנל. לכן, אם בתה שיחנית היא כזו עם אשחרים, חורש דליל, הייתי מוריד קוקיות אירופיות. כנל בבתות עשבוניות."
Herbaceous and Dwarf-Shrub Vegetation,NA,Curruca communis,Greater Whitethroat,סבכי קוצים,1,,
Herbaceous and Dwarf-Shrub Vegetation,NA,Curruca crassirostris,Eastern Orphean Warbler,סבכי חורש,1,,
Herbaceous and Dwarf-Shrub Vegetation,NA,Curruca curruca,Lesser Whitethroat,סבכי טוחנים,0,,
Herbaceous and Dwarf-Shrub Vegetation,NA,Curruca melanocephala,Sardinian Warbler,סבכי שחור-ראש,1,,
Herbaceous and Dwarf-Shrub Vegetation,NA,Delichon urbicum,Common House-Martin,טסית בתים,0,,
Herbaceous and Dwarf-Shrub Vegetation,NA,Dendrocopos syriacus,Syrian Woodpecker,נקר סורי,1,,
Herbaceous and Dwarf-Shrub Vegetation,NA,Elanus caeruleus,Black-winged Kite,דאה שחורת-כתף,1,,
Herbaceous and Dwarf-Shrub Vegetation,NA,Emberiza caesia,Cretzschmar's Bunting,גיבתון אדום-מקור,1,,
Herbaceous and Dwarf-Shrub Vegetation,NA,Emberiza calandra,Corn Bunting,גיבתון עפרוני,1,,
Herbaceous and Dwarf-Shrub Vegetation,NA,Emberiza hortulana,Ortolan Bunting,גיבתון גנים,0,,
Herbaceous and Dwarf-Shrub Vegetation,NA,Emberiza melanocephala,Black-headed Bunting,גיבתון שחור-ראש,1,,
Herbaceous and Dwarf-Shrub Vegetation,NA,Falco naumanni,Lesser Kestrel,בז אדום,1,,
Herbaceous and Dwarf-Shrub Vegetation,NA,Falco tinnunculus,Eurasian Kestrel,בז מצוי,1,,
Herbaceous and Dwarf-Shrub Vegetation,NA,Francolinus francolinus,Black Francolin,פרנקולין שחור,1,,
Herbaceous and Dwarf-Shrub Vegetation,NA,Galerida cristata,Crested Lark,עפרוני מצויץ,1,,
Herbaceous and Dwarf-Shrub Vegetation,NA,Gallinula chloropus,Eurasian Moorhen,סופית,1,,
Herbaceous and Dwarf-Shrub Vegetation,NA,Garrulus glandarius,Eurasian Jay,עורבני שחור-כיפה,1,,
Herbaceous and Dwarf-Shrub Vegetation,NA,Halcyon smyrnensis,White-throated Kingfisher,שלדג לבן חזה,1,,
Herbaceous and Dwarf-Shrub Vegetation,NA,Hirundo rustica,Barn Swallow,סנונית רפתות,1,,
Herbaceous and Dwarf-Shrub Vegetation,NA,Iduna pallida,Eastern Olivaceous Warbler,שיחנית קטנה,1,,
Herbaceous and Dwarf-Shrub Vegetation,NA,Lanius collurio,Red-backed Shrike,חנקן אדום-גב,0,,
Herbaceous and Dwarf-Shrub Vegetation,NA,Lanius excubitor,Great Gray Shrike,חנקן גדול,1,,
Herbaceous and Dwarf-Shrub Vegetation,NA,Lanius nubicus,Masked Shrike,חנקן נובי,1,,
Herbaceous and Dwarf-Shrub Vegetation,NA,Lanius senator,Woodchat Shrike,חנקן אדום-ראש,1,,
Herbaceous and Dwarf-Shrub Vegetation,NA,Linaria cannabina,Eurasian Linnet,תפוחית מצויה,1,,
Herbaceous and Dwarf-Shrub Vegetation,NA,Locustella luscinioides,Savi's Warbler,חרגולן זמירי,0,,
Herbaceous and Dwarf-Shrub Vegetation,NA,Lullula arborea,Wood Lark,חוגת עצים,0,,
Herbaceous and Dwarf-Shrub Vegetation,NA,Luscinia megarhynchos,Common Nightingale,זמיר הירדן,0,,
Herbaceous and Dwarf-Shrub Vegetation,NA,Melanocorypha calandra,Calandra Lark,עפרוני ענק,1,,
Herbaceous and Dwarf-Shrub Vegetation,NA,Merops apiaster,European Bee-eater,שרקרק מצוי,1,,
Herbaceous and Dwarf-Shrub Vegetation,NA,Merops cyanophrys,Arabian Green Bee-eater,שרקרק גמדי,1,,
Herbaceous and Dwarf-Shrub Vegetation,NA,Milvus migrans,Black Kite,דיה שחורה,0,,
Herbaceous and Dwarf-Shrub Vegetation,NA,Monticola solitarius,Blue Rock-Thrush,צוקית בודדת,1,,
Herbaceous and Dwarf-Shrub Vegetation,NA,Muscicapa striata,Spotted Flycatcher,חטפית אפורה,1,,
Herbaceous and Dwarf-Shrub Vegetation,NA,Neophron percnopterus,Egyptian Vulture,רחם מדברי,0,,
Herbaceous and Dwarf-Shrub Vegetation,NA,Oenanthe hispanica/melanoleuca,Western/Eastern Black-eared Wheatear,סלעית קיץ,1,,
Herbaceous and Dwarf-Shrub Vegetation,NA,Oenanthe melanura,Blackstart,שחור זנב,1,,
Herbaceous and Dwarf-Shrub Vegetation,NA,Oriolus oriolus,Eurasian Golden Oriole,זהבן מחלל,0,,
Herbaceous and Dwarf-Shrub Vegetation,NA,Parus major,Great Tit,ירגזי מצוי,1,,
Herbaceous and Dwarf-Shrub Vegetation,NA,Passer domesticus,House Sparrow,דרור הבית,1,,
Herbaceous and Dwarf-Shrub Vegetation,NA,Passer hispaniolensis,Spanish Sparrow,דרור ספרדי,1,,
Herbaceous and Dwarf-Shrub Vegetation,NA,Phylloscopus collybita,Common Chiffchaff,עלווית חורף,0,,
Herbaceous and Dwarf-Shrub Vegetation,NA,Phylloscopus orientalis,Eastern Bonelli's Warbler,עלווית לבנת-בטן,0,,
Herbaceous and Dwarf-Shrub Vegetation,NA,Plegadis falcinellus,Glossy Ibis,מגלן חום,1,?,דוגר באיזור בשטחי בריכות וביצות
Herbaceous and Dwarf-Shrub Vegetation,NA,Prinia gracilis,Graceful Prinia,פשוש,1,,
Herbaceous and Dwarf-Shrub Vegetation,NA,Psittacula krameri,Rose-ringed Parakeet,דררה,1,,
Herbaceous and Dwarf-Shrub Vegetation,NA,Pycnonotus xanthopygos,White-spectacled Bulbul,בולבול ממושקף,1,,
Herbaceous and Dwarf-Shrub Vegetation,NA,Spilopelia senegalensis,Laughing Dove,צוצלת,1,,
Herbaceous and Dwarf-Shrub Vegetation,NA,Streptopelia decaocto,Eurasian Collared-Dove,תור צווארון,1,,
Herbaceous and Dwarf-Shrub Vegetation,NA,Streptopelia turtur,European Turtle-Dove,תור מצוי,1,,
Herbaceous and Dwarf-Shrub Vegetation,NA,Turdus merula,Eurasian Blackbird,שחרור,1,,
Herbaceous and Dwarf-Shrub Vegetation,NA,Upupa epops,Eurasian Hoopoe,דוכיפת,1,,
Herbaceous and Dwarf-Shrub Vegetation,NA,Vanellus spinosus,Spur-winged Lapwing,סיקסק,1,,
Inland Sands,NA,Acridotheres tristis,Common Myna,מיינה מצויה,1,,
Inland Sands,NA,Alaudala rufescens/heinei,Mediterranean/Turkestan Short-toed Lark,עפרונן גמדי,1,,
Inland Sands,NA,Alectoris chukar,Chukar,חוגלת סלעים,1,,
Inland Sands,NA,Ammomanes deserti,Desert Lark,עפרוני מדבר,1,,
Inland Sands,NA,Ammoperdix heyi,Sand Partridge,קורא מדברי,1,,
Inland Sands,NA,Anthus campestris,Tawny Pipit,פפיון צהוב,0,,
Inland Sands,NA,Burhinus oedicnemus,Eurasian Thick-knee,כרוון מצוי,1,,
Inland Sands,NA,Buteo buteo,Common Buzzard,עקב חורף,0,,
Inland Sands,NA,Calandrella brachydactyla,Greater Short-toed Lark,עפרונן קצר-אצבעות,1,,
Inland Sands,NA,Clamator glandarius,Great Spotted Cuckoo,קוקיה מצויצת,1,,
Inland Sands,NA,Columba livia,Rock Pigeon,יונת סלעים,1,,
Inland Sands,NA,Corvus cornix,Hooded Crow,עורב אפור,1,,
Inland Sands,NA,Corvus ruficollis,Brown-necked Raven,עורב חום-עורף,1,,
Inland Sands,NA,Falco tinnunculus,Eurasian Kestrel,בז מצוי,1,,
Inland Sands,NA,Galerida cristata,Crested Lark,עפרוני מצויץ,1,,
Inland Sands,NA,Hirundo rustica,Barn Swallow,סנונית רפתות,0,,
Inland Sands,NA,Iduna pallida,Eastern Olivaceous Warbler,שיחנית קטנה,1,,
Inland Sands,NA,Lanius excubitor,Great Gray Shrike,חנקן גדול,1,,
Inland Sands,NA,Lanius nubicus,Masked Shrike,חנקן נובי,0,,
Inland Sands,NA,Oenanthe hispanica/melanoleuca,Western/Eastern Black-eared Wheatear,סלעית קיץ,0,,
Inland Sands,NA,Passer domesticus,House Sparrow,דרור הבית,1,,
Inland Sands,NA,Prinia gracilis,Graceful Prinia,פשוש,1,,
Inland Sands,NA,Pycnonotus xanthopygos,White-spectacled Bulbul,בולבול ממושקף,1,,
Inland Sands,NA,Rhodospiza obsoleta,Desert Finch,חצוצרן שחור-מקור,1,,
Inland Sands,NA,Spilopelia senegalensis,Laughing Dove,צוצלת,1,,
Inland Sands,NA,Streptopelia decaocto,Eurasian Collared-Dove,תור צווארון,1,,
Inland Sands,NA,Streptopelia turtur,European Turtle-Dove,תור מצוי,1,,
Inland Sands,NA,Upupa epops,Eurasian Hoopoe,דוכיפת,1,,
Inland Sands,NA,Vanellus spinosus,Spur-winged Lapwing,סיקסק,1,,
Loess Covered Areas in the Northern Negev,NA,Acridotheres tristis,Common Myna,מיינה מצויה,1,,
Loess Covered Areas in the Northern Negev,NA,Alaudala rufescens/heinei,Mediterranean/Turkestan Short-toed Lark,עפרונן גמדי,1,,
Loess Covered Areas in the Northern Negev,NA,Alectoris chukar,Chukar,חוגלת סלעים,1,,
Loess Covered Areas in the Northern Negev,NA,Ammomanes deserti,Desert Lark,עפרוני מדבר,1,,
Loess Covered Areas in the Northern Negev,NA,Anthus campestris,Tawny Pipit,פפיון צהוב,0,,
Loess Covered Areas in the Northern Negev,NA,Anthus similis,Long-billed Pipit,פפיון הרים,1,?,דוגר בבתות ים תיכוניות ובבתות ספר. לא סביר בשטחי לס
Loess Covered Areas in the Northern Negev,NA,Apus apus,Common Swift,סיס חומות,0,,
Loess Covered Areas in the Northern Negev,NA,Apus pallidus,Pallid Swift,סיס חוורוור,0,,
Loess Covered Areas in the Northern Negev,NA,Athene noctua,Little Owl,כוס החורבות,1,,
Loess Covered Areas in the Northern Negev,NA,Bubulcus ibis,Cattle Egret,אנפית בקר,1,,
Loess Covered Areas in the Northern Negev,NA,Burhinus oedicnemus,Eurasian Thick-knee,כרוון מצוי,1,,
Loess Covered Areas in the Northern Negev,NA,Buteo buteo,Common Buzzard,עקב חורף,0,,
Loess Covered Areas in the Northern Negev,NA,Calandrella brachydactyla,Greater Short-toed Lark,עפרונן קצר-אצבעות,1,,
Loess Covered Areas in the Northern Negev,NA,Cecropis daurica,Red-rumped Swallow,סנונית מערות,1,,
Loess Covered Areas in the Northern Negev,NA,Cercotrichas galactotes,Rufous-tailed Scrub-Robin,חמריה חלודת-זנב,1,,
Loess Covered Areas in the Northern Negev,NA,Chlamydotis macqueenii,Macqueen's Bustard,חוברה מדברית,1,,
Loess Covered Areas in the Northern Negev,NA,Chloris chloris,European Greenfinch,ירקון,1,,
Loess Covered Areas in the Northern Negev,NA,Cinnyris osea,Palestine Sunbird,צופית בוהקת,1,,
Loess Covered Areas in the Northern Negev,NA,Circaetus gallicus,Short-toed Snake-Eagle,חיוויאי הנחשים,0,?,דוגר נדיר וחולף שכיח באיזור
Loess Covered Areas in the Northern Negev,NA,Columba livia,Rock Pigeon,יונת סלעים,1,,
Loess Covered Areas in the Northern Negev,NA,Coracias garrulus,European Roller,כחל מצוי,1,,
Loess Covered Areas in the Northern Negev,NA,Corvus cornix,Hooded Crow,עורב אפור,1,,
Loess Covered Areas in the Northern Negev,NA,Corvus monedula,Eurasian Jackdaw,קאק,1,,
Loess Covered Areas in the Northern Negev,NA,Corvus ruficollis,Brown-necked Raven,עורב חום-עורף,1,,
Loess Covered Areas in the Northern Negev,NA,Coturnix coturnix,Common Quail,שליו נודד,0,,
Loess Covered Areas in the Northern Negev,NA,Curruca communis,Greater Whitethroat,סבכי קוצים,0,,
Loess Covered Areas in the Northern Negev,NA,Curruca conspicillata,Spectacled Warbler,סבכי ערבות,1,,
Loess Covered Areas in the Northern Negev,NA,Curruca crassirostris,Eastern Orphean Warbler,סבכי חורש,0,,
Loess Covered Areas in the Northern Negev,NA,Curruca curruca,Lesser Whitethroat,סבכי טוחנים,0,,
Loess Covered Areas in the Northern Negev,NA,Curruca melanocephala,Sardinian Warbler,סבכי שחור-ראש,1,,
Loess Covered Areas in the Northern Negev,NA,Cursorius cursor,Cream-colored Courser,רץ מדבר,1,,
Loess Covered Areas in the Northern Negev,NA,Delichon urbicum,Common House-Martin,טסית בתים,0,,
Loess Covered Areas in the Northern Negev,NA,Dendrocopos syriacus,Syrian Woodpecker,נקר סורי,1,,
Loess Covered Areas in the Northern Negev,NA,Emberiza caesia,Cretzschmar's Bunting,גיבתון אדום-מקור,0,,
Loess Covered Areas in the Northern Negev,NA,Emberiza calandra,Corn Bunting,גיבתון עפרוני,0,?,דוגר באיזור אבל חורף שכיח יותר
Loess Covered Areas in the Northern Negev,NA,Emberiza hortulana,Ortolan Bunting,גיבתון גנים,0,,
Loess Covered Areas in the Northern Negev,NA,Falco naumanni,Lesser Kestrel,בז אדום,1,?,דוגר ביישובים ובמצוקים באיזור
Loess Covered Areas in the Northern Negev,NA,Falco tinnunculus,Eurasian Kestrel,בז מצוי,1,,
Loess Covered Areas in the Northern Negev,NA,Galerida cristata,Crested Lark,עפרוני מצויץ,1,,
Loess Covered Areas in the Northern Negev,NA,Hirundo rustica,Barn Swallow,סנונית רפתות,0,,
Loess Covered Areas in the Northern Negev,NA,Iduna pallida,Eastern Olivaceous Warbler,שיחנית קטנה,1,,
Loess Covered Areas in the Northern Negev,NA,Lanius excubitor,Great Gray Shrike,חנקן גדול,1,,
Loess Covered Areas in the Northern Negev,NA,Lanius nubicus,Masked Shrike,חנקן נובי,0,,
Loess Covered Areas in the Northern Negev,NA,Lanius senator,Woodchat Shrike,חנקן אדום-ראש,1,,
Loess Covered Areas in the Northern Negev,NA,Linaria cannabina,Eurasian Linnet,תפוחית מצויה,0,?,"דוגרת לא שכיחה בצפון בנגב, חולפת שכיחה"
Loess Covered Areas in the Northern Negev,NA,Locustella luscinioides,Savi's Warbler,חרגולן זמירי,0,,
Loess Covered Areas in the Northern Negev,NA,Merops apiaster,European Bee-eater,שרקרק מצוי,1,,
Loess Covered Areas in the Northern Negev,NA,Milvus migrans,Black Kite,דיה שחורה,0,,
Loess Covered Areas in the Northern Negev,NA,Motacilla alba,White Wagtail,נחליאלי לבן,0,,
Loess Covered Areas in the Northern Negev,NA,Motacilla flava,Western Yellow Wagtail,נחליאלי צהוב,0,,
Loess Covered Areas in the Northern Negev,NA,Muscicapa striata,Spotted Flycatcher,חטפית אפורה,0,,
Loess Covered Areas in the Northern Negev,NA,Oenanthe hispanica/melanoleuca,Western/Eastern Black-eared Wheatear,סלעית קיץ,0,?,"דוגרת לא שכיחה בצפון בנגב, חולפת שכיחה"
Loess Covered Areas in the Northern Negev,NA,Oenanthe isabellina,Isabelline Wheatear,סלעית ערבות,1,,
Loess Covered Areas in the Northern Negev,NA,Oenanthe oenanthe,Northern Wheatear,סלעית אירופית,0,,
Loess Covered Areas in the Northern Negev,NA,Parus major,Great Tit,ירגזי מצוי,1,,
Loess Covered Areas in the Northern Negev,NA,Passer domesticus,House Sparrow,דרור הבית,1,,
Loess Covered Areas in the Northern Negev,NA,Passer hispaniolensis,Spanish Sparrow,דרור ספרדי,0,?,"חורף שכיח באיזור, פחות מצוי כדוגר"
Loess Covered Areas in the Northern Negev,NA,Phylloscopus collybita,Common Chiffchaff,עלווית חורף,0,,
Loess Covered Areas in the Northern Negev,NA,Phylloscopus orientalis,Eastern Bonelli's Warbler,עלווית לבנת-בטן,0,,
Loess Covered Areas in the Northern Negev,NA,Prinia gracilis,Graceful Prinia,פשוש,1,,
Loess Covered Areas in the Northern Negev,NA,Psittacula krameri,Rose-ringed Parakeet,דררה,1,,
Loess Covered Areas in the Northern Negev,NA,Pterocles alchata,Pin-tailed Sandgrouse,קטה חדת-זנב,1,,
Loess Covered Areas in the Northern Negev,NA,Pterocles orientalis,Black-bellied Sandgrouse,קטה גדולה,1,,
Loess Covered Areas in the Northern Negev,NA,Pycnonotus xanthopygos,White-spectacled Bulbul,בולבול ממושקף,1,,
Loess Covered Areas in the Northern Negev,NA,Spilopelia senegalensis,Laughing Dove,צוצלת,1,,
Loess Covered Areas in the Northern Negev,NA,Streptopelia decaocto,Eurasian Collared-Dove,תור צווארון,1,,
Loess Covered Areas in the Northern Negev,NA,Streptopelia turtur,European Turtle-Dove,תור מצוי,1,,
Loess Covered Areas in the Northern Negev,NA,Turdus merula,Eurasian Blackbird,שחרור,1,,
Loess Covered Areas in the Northern Negev,NA,Upupa epops,Eurasian Hoopoe,דוכיפת,1,,
Loess Covered Areas in the Northern Negev,NA,Vanellus spinosus,Spur-winged Lapwing,סיקסק,1,,
Mediterranean Maquis,Carmel,Accipiter nisus,Eurasian Sparrowhawk,נץ מצוי,1,,
Mediterranean Maquis,Carmel,Acridotheres tristis,Common Myna,מיינה מצויה,1,,
Mediterranean Maquis,Carmel,Acrocephalus scirpaceus,Common Reed Warbler,קנית קטנה,1,?,דוגרת בחישות קנה
Mediterranean Maquis,Carmel,Alectoris chukar,Chukar,חוגלת סלעים,1,,
Mediterranean Maquis,Carmel,Apus apus,Common Swift,סיס חומות,1,,
Mediterranean Maquis,Carmel,Apus melba,Alpine Swift,סיס הרים,0,?,דוגר במצוקים. סביר שנצפו להקות נודדות
Mediterranean Maquis,Carmel,Apus pallidus,Pallid Swift,סיס חוורוור,0,?,דוגר במצוקים. סביר שנצפו להקות נודדות
Mediterranean Maquis,Carmel,Bubulcus ibis,Cattle Egret,אנפית בקר,1,,
Mediterranean Maquis,Carmel,Burhinus oedicnemus,Eurasian Thick-knee,כרוון מצוי,1,,
Mediterranean Maquis,Carmel,Carduelis carduelis,European Goldfinch,חוחית,1,,
Mediterranean Maquis,Carmel,Cecropis daurica,Red-rumped Swallow,סנונית מערות,1,,
Mediterranean Maquis,Carmel,Cettia cetti,Cetti's Warbler,צטיה חלודית,1,,
Mediterranean Maquis,Carmel,Chloris chloris,European Greenfinch,ירקון,1,,
Mediterranean Maquis,Carmel,Cinnyris osea,Palestine Sunbird,צופית בוהקת,1,,
Mediterranean Maquis,Carmel,Circaetus gallicus,Short-toed Snake-Eagle,חיוויאי הנחשים,1,,
Mediterranean Maquis,Carmel,Circus aeruginosus,Eurasian Marsh-Harrier,זרון סוף,0,,
Mediterranean Maquis,Carmel,Clamator glandarius,Great Spotted Cuckoo,קוקיה מצויצת,1,,
Mediterranean Maquis,Carmel,Columba livia,Rock Pigeon,יונת סלעים,1,,
Mediterranean Maquis,Carmel,Corvus cornix,Hooded Crow,עורב אפור,1,,
Mediterranean Maquis,Carmel,Corvus monedula,Eurasian Jackdaw,קאק,1,,
Mediterranean Maquis,Carmel,Cuculus canorus,Common Cuckoo,קוקיה אירופית,0,,
Mediterranean Maquis,Carmel,Curruca communis,Greater Whitethroat,סבכי קוצים,1,,
Mediterranean Maquis,Carmel,Curruca crassirostris,Eastern Orphean Warbler,סבכי חורש,1,,
Mediterranean Maquis,Carmel,Curruca curruca,Lesser Whitethroat,סבכי טוחנים,1,,
Mediterranean Maquis,Carmel,Curruca melanocephala,Sardinian Warbler,סבכי שחור-ראש,1,,
Mediterranean Maquis,Carmel,Delichon urbicum,Common House-Martin,טסית בתים,1,,
Mediterranean Maquis,Carmel,Dendrocopos syriacus,Syrian Woodpecker,נקר סורי,1,,
Mediterranean Maquis,Carmel,Emberiza calandra,Corn Bunting,גיבתון עפרוני,1,,
Mediterranean Maquis,Carmel,Emberiza hortulana,Ortolan Bunting,גיבתון גנים,0,,
Mediterranean Maquis,Carmel,Falco naumanni,Lesser Kestrel,בז אדום,1,,
Mediterranean Maquis,Carmel,Falco subbuteo,Eurasian Hobby,בז עצים,1,,
Mediterranean Maquis,Carmel,Falco tinnunculus,Eurasian Kestrel,בז מצוי,1,,
Mediterranean Maquis,Carmel,Garrulus glandarius,Eurasian Jay,עורבני שחור-כיפה,1,,
Mediterranean Maquis,Carmel,Halcyon smyrnensis,White-throated Kingfisher,שלדג לבן חזה,1,,
Mediterranean Maquis,Carmel,Hirundo rustica,Barn Swallow,סנונית רפתות,1,,
Mediterranean Maquis,Carmel,Iduna pallida,Eastern Olivaceous Warbler,שיחנית קטנה,1,,
Mediterranean Maquis,Carmel,Lanius collurio,Red-backed Shrike,חנקן אדום-גב,0,,
Mediterranean Maquis,Carmel,Lanius nubicus,Masked Shrike,חנקן נובי,1,,
Mediterranean Maquis,Carmel,Linaria cannabina,Eurasian Linnet,תפוחית מצויה,1,,
Mediterranean Maquis,Carmel,Luscinia megarhynchos,Common Nightingale,זמיר הירדן,0,,
Mediterranean Maquis,Carmel,Melanocorypha bimaculata,Bimaculated Lark,עפרוני פסגות,0,,
Mediterranean Maquis,Carmel,Merops apiaster,European Bee-eater,שרקרק מצוי,1,,
Mediterranean Maquis,Carmel,Monticola saxatilis,Rufous-tailed Rock-Thrush,צוקית חכלילית,0,,
Mediterranean Maquis,Carmel,Muscicapa striata,Spotted Flycatcher,חטפית אפורה,1,,
Mediterranean Maquis,Carmel,Neophron percnopterus,Egyptian Vulture,רחם מדברי,1,,
Mediterranean Maquis,Carmel,Oriolus oriolus,Eurasian Golden Oriole,זהבן מחלל,0,,
Mediterranean Maquis,Carmel,Parus major,Great Tit,ירגזי מצוי,1,,
Mediterranean Maquis,Carmel,Passer domesticus,House Sparrow,דרור הבית,1,,
Mediterranean Maquis,Carmel,Phylloscopus collybita,Common Chiffchaff,עלווית חורף,0,,
Mediterranean Maquis,Carmel,Phylloscopus orientalis,Eastern Bonelli's Warbler,עלווית לבנת-בטן,0,,
Mediterranean Maquis,Carmel,Prinia gracilis,Graceful Prinia,פשוש,1,,
Mediterranean Maquis,Carmel,Psittacula krameri,Rose-ringed Parakeet,דררה,1,,
Mediterranean Maquis,Carmel,Pycnonotus xanthopygos,White-spectacled Bulbul,בולבול ממושקף,1,,
Mediterranean Maquis,Carmel,Spilopelia senegalensis,Laughing Dove,צוצלת,1,,
Mediterranean Maquis,Carmel,Streptopelia decaocto,Eurasian Collared-Dove,תור צווארון,1,,
Mediterranean Maquis,Carmel,Streptopelia turtur,European Turtle-Dove,תור מצוי,1,,
Mediterranean Maquis,Carmel,Troglodytes troglodytes,Eurasian Wren,גדרון מובהק,1,,
Mediterranean Maquis,Carmel,Turdus merula,Eurasian Blackbird,שחרור,1,,
Mediterranean Maquis,Carmel,Upupa epops,Eurasian Hoopoe,דוכיפת,1,,
Mediterranean Maquis,Carmel,Vanellus spinosus,Spur-winged Lapwing,סיקסק,1,,
Mediterranean Maquis,Galilee,Accipiter nisus,Eurasian Sparrowhawk,נץ מצוי,1,,
Mediterranean Maquis,Galilee,Acridotheres tristis,Common Myna,מיינה מצויה,1,,
Mediterranean Maquis,Galilee,Alectoris chukar,Chukar,חוגלת סלעים,1,,
Mediterranean Maquis,Galilee,Apus apus,Common Swift,סיס חומות,0,?,דוגר בערים עד קו באר שבע. סביר שנצפו אוכלוסיות נודדות
Mediterranean Maquis,Galilee,Apus pallidus,Pallid Swift,סיס חוורוור,0,,
Mediterranean Maquis,Galilee,Bubulcus ibis,Cattle Egret,אנפית בקר,1,,
Mediterranean Maquis,Galilee,Buteo buteo,Common Buzzard,עקב חורף,0,,
Mediterranean Maquis,Galilee,Buteo rufinus,Long-legged Buzzard,עקב עיטי,1,,
Mediterranean Maquis,Galilee,Carduelis carduelis,European Goldfinch,חוחית,1,,
Mediterranean Maquis,Galilee,Cecropis daurica,Red-rumped Swallow,סנונית מערות,1,,
Mediterranean Maquis,Galilee,Chloris chloris,European Greenfinch,ירקון,1,,
Mediterranean Maquis,Galilee,Cinnyris osea,Palestine Sunbird,צופית בוהקת,1,,
Mediterranean Maquis,Galilee,Circaetus gallicus,Short-toed Snake-Eagle,חיוויאי הנחשים,1,,
Mediterranean Maquis,Galilee,Clamator glandarius,Great Spotted Cuckoo,קוקיה מצויצת,1,,
Mediterranean Maquis,Galilee,Clanga pomarina,Lesser Spotted Eagle,עיט חורש,0,,
Mediterranean Maquis,Galilee,Columba livia,Rock Pigeon,יונת סלעים,1,,
Mediterranean Maquis,Galilee,Corvus cornix,Hooded Crow,עורב אפור,1,,
Mediterranean Maquis,Galilee,Corvus monedula,Eurasian Jackdaw,קאק,1,,
Mediterranean Maquis,Galilee,Curruca communis,Greater Whitethroat,סבכי קוצים,1,,
Mediterranean Maquis,Galilee,Curruca crassirostris,Eastern Orphean Warbler,סבכי חורש,1,,
Mediterranean Maquis,Galilee,Curruca curruca,Lesser Whitethroat,סבכי טוחנים,1,,
Mediterranean Maquis,Galilee,Curruca melanocephala,Sardinian Warbler,סבכי שחור-ראש,1,,
Mediterranean Maquis,Galilee,Dendrocopos syriacus,Syrian Woodpecker,נקר סורי,1,,
Mediterranean Maquis,Galilee,Egretta garzetta,Little Egret,לבנית קטנה,0,?,דוגרת בבריכות וביצות
Mediterranean Maquis,Galilee,Emberiza calandra,Corn Bunting,גיבתון עפרוני,1,,
Mediterranean Maquis,Galilee,Emberiza cia,Rock Bunting,גיבתון סלעים,0,,
Mediterranean Maquis,Galilee,Emberiza melanocephala,Black-headed Bunting,גיבתון שחור-ראש,1,,
Mediterranean Maquis,Galilee,Falco tinnunculus,Eurasian Kestrel,בז מצוי,1,,
Mediterranean Maquis,Galilee,Garrulus glandarius,Eurasian Jay,עורבני שחור-כיפה,1,,
Mediterranean Maquis,Galilee,Halcyon smyrnensis,White-throated Kingfisher,שלדג לבן חזה,1,,
Mediterranean Maquis,Galilee,Hirundo rustica,Barn Swallow,סנונית רפתות,1,,
Mediterranean Maquis,Galilee,Iduna pallida,Eastern Olivaceous Warbler,שיחנית קטנה,1,,
Mediterranean Maquis,Galilee,Lanius nubicus,Masked Shrike,חנקן נובי,1,,
Mediterranean Maquis,Galilee,Linaria cannabina,Eurasian Linnet,תפוחית מצויה,1,,
Mediterranean Maquis,Galilee,Luscinia megarhynchos,Common Nightingale,זמיר הירדן,0,,
Mediterranean Maquis,Galilee,Merops apiaster,European Bee-eater,שרקרק מצוי,1,,
Mediterranean Maquis,Galilee,Milvus migrans,Black Kite,דיה שחורה,0,,
Mediterranean Maquis,Galilee,Muscicapa striata,Spotted Flycatcher,חטפית אפורה,1,,
Mediterranean Maquis,Galilee,Oenanthe hispanica/melanoleuca,Western/Eastern Black-eared Wheatear,סלעית קיץ,1,,
Mediterranean Maquis,Galilee,Parus major,Great Tit,ירגזי מצוי,1,,
Mediterranean Maquis,Galilee,Passer domesticus,House Sparrow,דרור הבית,1,,
Mediterranean Maquis,Galilee,Phylloscopus collybita,Common Chiffchaff,עלווית חורף,0,,
Mediterranean Maquis,Galilee,Plegadis falcinellus,Glossy Ibis,מגלן חום,1,?,דוגר בבריכות וביצות
Mediterranean Maquis,Galilee,Prinia gracilis,Graceful Prinia,פשוש,1,,
Mediterranean Maquis,Galilee,Psittacula krameri,Rose-ringed Parakeet,דררה,1,,
Mediterranean Maquis,Galilee,Pycnonotus xanthopygos,White-spectacled Bulbul,בולבול ממושקף,1,,
Mediterranean Maquis,Galilee,Spilopelia senegalensis,Laughing Dove,צוצלת,1,,
Mediterranean Maquis,Galilee,Streptopelia decaocto,Eurasian Collared-Dove,תור צווארון,1,,
Mediterranean Maquis,Galilee,Streptopelia turtur,European Turtle-Dove,תור מצוי,1,,
Mediterranean Maquis,Galilee,Strix aluco,Tawny Owl,לילית מצויה,1,,
Mediterranean Maquis,Galilee,Torgos tracheliotos,Lappet-faced Vulture,עזניית הנגב,0,,לא סביר שהופיעה בסקר
Mediterranean Maquis,Galilee,Troglodytes troglodytes,Eurasian Wren,גדרון מובהק,1,,
Mediterranean Maquis,Galilee,Turdus merula,Eurasian Blackbird,שחרור,1,,
Mediterranean Maquis,Galilee,Vanellus spinosus,Spur-winged Lapwing,סיקסק,1,,
Mediterranean Maquis,Judean Highlands,Accipiter nisus,Eurasian Sparrowhawk,נץ מצוי,1,,
Mediterranean Maquis,Judean Highlands,Acridotheres tristis,Common Myna,מיינה מצויה,1,,
Mediterranean Maquis,Judean Highlands,Alectoris chukar,Chukar,חוגלת סלעים,1,,
Mediterranean Maquis,Judean Highlands,Anas platyrhynchos,Mallard,ברכיה,1,,
Mediterranean Maquis,Judean Highlands,Apus apus,Common Swift,סיס חומות,0,?,דוגר בערים עד קו באר שבע. סביר שנצפו אוכלוסיות נודדות
Mediterranean Maquis,Judean Highlands,Apus melba,Alpine Swift,סיס הרים,0,,
Mediterranean Maquis,Judean Highlands,Bubulcus ibis,Cattle Egret,אנפית בקר,1,,
Mediterranean Maquis,Judean Highlands,Burhinus oedicnemus,Eurasian Thick-knee,כרוון מצוי,1,,
Mediterranean Maquis,Judean Highlands,Buteo buteo,Common Buzzard,עקב חורף,0,,
Mediterranean Maquis,Judean Highlands,Carduelis carduelis,European Goldfinch,חוחית,1,,
Mediterranean Maquis,Judean Highlands,Cecropis daurica,Red-rumped Swallow,סנונית מערות,1,,
Mediterranean Maquis,Judean Highlands,Cercotrichas galactotes,Rufous-tailed Scrub-Robin,חמריה חלודת-זנב,1,,
Mediterranean Maquis,Judean Highlands,Cettia cetti,Cetti's Warbler,צטיה חלודית,1,,
Mediterranean Maquis,Judean Highlands,Chloris chloris,European Greenfinch,ירקון,1,,
Mediterranean Maquis,Judean Highlands,Cinnyris osea,Palestine Sunbird,צופית בוהקת,1,,
Mediterranean Maquis,Judean Highlands,Circaetus gallicus,Short-toed Snake-Eagle,חיוויאי הנחשים,1,,
Mediterranean Maquis,Judean Highlands,Circus aeruginosus,Eurasian Marsh-Harrier,זרון סוף,0,,
Mediterranean Maquis,Judean Highlands,Clamator glandarius,Great Spotted Cuckoo,קוקיה מצויצת,1,,
Mediterranean Maquis,Judean Highlands,Columba livia,Rock Pigeon,יונת סלעים,1,,
Mediterranean Maquis,Judean Highlands,Corvus cornix,Hooded Crow,עורב אפור,1,,
Mediterranean Maquis,Judean Highlands,Corvus monedula,Eurasian Jackdaw,קאק,1,,
Mediterranean Maquis,Judean Highlands,Curruca communis,Greater Whitethroat,סבכי קוצים,1,,
Mediterranean Maquis,Judean Highlands,Curruca curruca,Lesser Whitethroat,סבכי טוחנים,0,?,דוגר נדיר וחולף מצוי באיזור
Mediterranean Maquis,Judean Highlands,Curruca melanocephala,Sardinian Warbler,סבכי שחור-ראש,1,,
Mediterranean Maquis,Judean Highlands,Delichon urbicum,Common House-Martin,טסית בתים,1,,
Mediterranean Maquis,Judean Highlands,Dendrocopos syriacus,Syrian Woodpecker,נקר סורי,1,,
Mediterranean Maquis,Judean Highlands,Emberiza caesia,Cretzschmar's Bunting,גיבתון אדום-מקור,1,,
Mediterranean Maquis,Judean Highlands,Emberiza hortulana,Ortolan Bunting,גיבתון גנים,0,,
Mediterranean Maquis,Judean Highlands,Falco subbuteo,Eurasian Hobby,בז עצים,1,,
Mediterranean Maquis,Judean Highlands,Falco tinnunculus,Eurasian Kestrel,בז מצוי,1,,
Mediterranean Maquis,Judean Highlands,Galerida cristata,Crested Lark,עפרוני מצויץ,1,,
Mediterranean Maquis,Judean Highlands,Garrulus glandarius,Eurasian Jay,עורבני שחור-כיפה,1,,
Mediterranean Maquis,Judean Highlands,Hirundo rustica,Barn Swallow,סנונית רפתות,1,,
Mediterranean Maquis,Judean Highlands,Iduna pallida,Eastern Olivaceous Warbler,שיחנית קטנה,1,,
Mediterranean Maquis,Judean Highlands,Lanius nubicus,Masked Shrike,חנקן נובי,1,,
Mediterranean Maquis,Judean Highlands,Lanius senator,Woodchat Shrike,חנקן אדום-ראש,1,,
Mediterranean Maquis,Judean Highlands,Linaria cannabina,Eurasian Linnet,תפוחית מצויה,1,,
Mediterranean Maquis,Judean Highlands,Luscinia megarhynchos,Common Nightingale,זמיר הירדן,0,,
Mediterranean Maquis,Judean Highlands,Merops apiaster,European Bee-eater,שרקרק מצוי,1,,
Mediterranean Maquis,Judean Highlands,Milvus migrans,Black Kite,דיה שחורה,0,,
Mediterranean Maquis,Judean Highlands,Muscicapa striata,Spotted Flycatcher,חטפית אפורה,1,,
Mediterranean Maquis,Judean Highlands,Parus major,Great Tit,ירגזי מצוי,1,,
Mediterranean Maquis,Judean Highlands,Passer domesticus,House Sparrow,דרור הבית,1,,
Mediterranean Maquis,Judean Highlands,Phylloscopus collybita,Common Chiffchaff,עלווית חורף,0,,
Mediterranean Maquis,Judean Highlands,Phylloscopus orientalis,Eastern Bonelli's Warbler,עלווית לבנת-בטן,0,,
Mediterranean Maquis,Judean Highlands,Prinia gracilis,Graceful Prinia,פשוש,1,,
Mediterranean Maquis,Judean Highlands,Psittacula krameri,Rose-ringed Parakeet,דררה,1,,
Mediterranean Maquis,Judean Highlands,Pycnonotus xanthopygos,White-spectacled Bulbul,בולבול ממושקף,1,,
Mediterranean Maquis,Judean Highlands,Spilopelia senegalensis,Laughing Dove,צוצלת,1,,
Mediterranean Maquis,Judean Highlands,Streptopelia decaocto,Eurasian Collared-Dove,תור צווארון,1,,
Mediterranean Maquis,Judean Highlands,Streptopelia turtur,European Turtle-Dove,תור מצוי,1,,
Mediterranean Maquis,Judean Highlands,Troglodytes troglodytes,Eurasian Wren,גדרון מובהק,1,,
Mediterranean Maquis,Judean Highlands,Turdus merula,Eurasian Blackbird,שחרור,1,,
Mediterranean Maquis,Judean Highlands,Upupa epops,Eurasian Hoopoe,דוכיפת,1,,
Mediterranean Maquis,Judean Highlands,Vanellus spinosus,Spur-winged Lapwing,סיקסק,1,,
Mediterranean-Desert Transition Zone,NA,Acridotheres tristis,Common Myna,מיינה מצויה,1,,
Mediterranean-Desert Transition Zone,NA,Alectoris chukar,Chukar,חוגלת סלעים,1,,
Mediterranean-Desert Transition Zone,NA,Ammomanes deserti,Desert Lark,עפרוני מדבר,1,,
Mediterranean-Desert Transition Zone,NA,Ammoperdix heyi,Sand Partridge,קורא מדברי,1,,
Mediterranean-Desert Transition Zone,NA,Anas platyrhynchos,Mallard,ברכיה,1,,
Mediterranean-Desert Transition Zone,NA,Anthus similis,Long-billed Pipit,פפיון הרים,1,,
Mediterranean-Desert Transition Zone,NA,Apus apus,Common Swift,סיס חומות,0,?,דוגר בערים עד קו באר שבע. סביר שנצפו אוכלוסיות נודדות
Mediterranean-Desert Transition Zone,NA,Apus melba,Alpine Swift,סיס הרים,0,,
Mediterranean-Desert Transition Zone,NA,Apus pallidus,Pallid Swift,סיס חוורוור,0,,
Mediterranean-Desert Transition Zone,NA,Athene noctua,Little Owl,כוס החורבות,1,,
Mediterranean-Desert Transition Zone,NA,Bubulcus ibis,Cattle Egret,אנפית בקר,1,,
Mediterranean-Desert Transition Zone,NA,Burhinus oedicnemus,Eurasian Thick-knee,כרוון מצוי,1,,
Mediterranean-Desert Transition Zone,NA,Buteo buteo,Common Buzzard,עקב חורף,0,,
Mediterranean-Desert Transition Zone,NA,Buteo rufinus,Long-legged Buzzard,עקב עיטי,1,,
Mediterranean-Desert Transition Zone,NA,Carpospiza brachydactyla,Pale Rockfinch,דרורית קצרת-אצבעות,1,,
Mediterranean-Desert Transition Zone,NA,Cecropis daurica,Red-rumped Swallow,סנונית מערות,1,,
Mediterranean-Desert Transition Zone,NA,Cercotrichas galactotes,Rufous-tailed Scrub-Robin,חמריה חלודת-זנב,1,,
Mediterranean-Desert Transition Zone,NA,Chloris chloris,European Greenfinch,ירקון,1,,
Mediterranean-Desert Transition Zone,NA,Cinnyris osea,Palestine Sunbird,צופית בוהקת,1,,
Mediterranean-Desert Transition Zone,NA,Cisticola juncidis,Zitting Cisticola,תפר,1,,
Mediterranean-Desert Transition Zone,NA,Clamator glandarius,Great Spotted Cuckoo,קוקיה מצויצת,1,,
Mediterranean-Desert Transition Zone,NA,Columba livia,Rock Pigeon,יונת סלעים,1,,
Mediterranean-Desert Transition Zone,NA,Corvus cornix,Hooded Crow,עורב אפור,1,,
Mediterranean-Desert Transition Zone,NA,Corvus monedula,Eurasian Jackdaw,קאק,1,,
Mediterranean-Desert Transition Zone,NA,Corvus ruficollis,Brown-necked Raven,עורב חום-עורף,1,,
Mediterranean-Desert Transition Zone,NA,Coturnix coturnix,Common Quail,שליו נודד,0,?,דוגר נדיר מאד וחולף שכיח באיזור
Mediterranean-Desert Transition Zone,NA,Cuculus canorus,Common Cuckoo,קוקיה אירופית,1,,
Mediterranean-Desert Transition Zone,NA,Curruca communis,Greater Whitethroat,סבכי קוצים,0,?,דוגר מצוי וחולף נפוץ באיזור
Mediterranean-Desert Transition Zone,NA,Curruca conspicillata,Spectacled Warbler,סבכי ערבות,1,,
Mediterranean-Desert Transition Zone,NA,Curruca crassirostris,Eastern Orphean Warbler,סבכי חורש,0,,
Mediterranean-Desert Transition Zone,NA,Curruca curruca,Lesser Whitethroat,סבכי טוחנים,0,,
Mediterranean-Desert Transition Zone,NA,Curruca melanocephala,Sardinian Warbler,סבכי שחור-ראש,1,,
Mediterranean-Desert Transition Zone,NA,Delichon urbicum,Common House-Martin,טסית בתים,0,?,"דוגרת ביישובים, עד קו באר שבע. סביר שנצפו אוכלוסיות נודדות"
Mediterranean-Desert Transition Zone,NA,Dendrocopos syriacus,Syrian Woodpecker,נקר סורי,1,,
Mediterranean-Desert Transition Zone,NA,Emberiza caesia,Cretzschmar's Bunting,גיבתון אדום-מקור,0,,
Mediterranean-Desert Transition Zone,NA,Emberiza calandra,Corn Bunting,גיבתון עפרוני,1,,
Mediterranean-Desert Transition Zone,NA,Emberiza hortulana,Ortolan Bunting,גיבתון גנים,0,,
Mediterranean-Desert Transition Zone,NA,Falco naumanni,Lesser Kestrel,בז אדום,1,,
Mediterranean-Desert Transition Zone,NA,Falco tinnunculus,Eurasian Kestrel,בז מצוי,1,,
Mediterranean-Desert Transition Zone,NA,Galerida cristata,Crested Lark,עפרוני מצויץ,1,,
Mediterranean-Desert Transition Zone,NA,Garrulus glandarius,Eurasian Jay,עורבני שחור-כיפה,1,,
Mediterranean-Desert Transition Zone,NA,Hippolais languida,Upcher's Warbler,שיחנית גדולה,1,,
Mediterranean-Desert Transition Zone,NA,Hippolais olivetorum,Olive-tree Warbler,שיחנית זית,0,,
Mediterranean-Desert Transition Zone,NA,Hirundo rustica,Barn Swallow,סנונית רפתות,0,?,דוגרת נדירה ביישובים באיזור. פרטים בשטחים פתוחים הם סביר להניח חולפים
Mediterranean-Desert Transition Zone,NA,Iduna pallida,Eastern Olivaceous Warbler,שיחנית קטנה,1,,
Mediterranean-Desert Transition Zone,NA,Lanius collurio,Red-backed Shrike,חנקן אדום-גב,0,,
Mediterranean-Desert Transition Zone,NA,Lanius nubicus,Masked Shrike,חנקן נובי,0,?,דוגר לא שכיח וחולף שכיח באיזור
Mediterranean-Desert Transition Zone,NA,Lanius senator,Woodchat Shrike,חנקן אדום-ראש,1,,
Mediterranean-Desert Transition Zone,NA,Luscinia megarhynchos,Common Nightingale,זמיר הירדן,0,,
Mediterranean-Desert Transition Zone,NA,Merops apiaster,European Bee-eater,שרקרק מצוי,1,,
Mediterranean-Desert Transition Zone,NA,Milvus migrans,Black Kite,דיה שחורה,0,,
Mediterranean-Desert Transition Zone,NA,Monticola solitarius,Blue Rock-Thrush,צוקית בודדת,0,?,לריך לראות מהיכן התצפיות. באיזור זה הרבה יותר חולפות מדוגרות
Mediterranean-Desert Transition Zone,NA,Motacilla alba,White Wagtail,נחליאלי לבן,0,,
Mediterranean-Desert Transition Zone,NA,Oenanthe finschii,Finsch's Wheatear,סלעית חורף,0,,
Mediterranean-Desert Transition Zone,NA,Oenanthe hispanica/melanoleuca,Western/Eastern Black-eared Wheatear,סלעית קיץ,1,,
Mediterranean-Desert Transition Zone,NA,Oenanthe isabellina,Isabelline Wheatear,סלעית ערבות,1,?,דוגרת ״כתמית״. סביר שנצפו אוכלוסיות נודדות
Mediterranean-Desert Transition Zone,NA,Onychognathus tristramii,Tristram's Starling,טריסטרמית,1,,
Mediterranean-Desert Transition Zone,NA,Parus major,Great Tit,ירגזי מצוי,1,,
Mediterranean-Desert Transition Zone,NA,Passer domesticus,House Sparrow,דרור הבית,1,,
Mediterranean-Desert Transition Zone,NA,Passer hispaniolensis,Spanish Sparrow,דרור ספרדי,1,,
Mediterranean-Desert Transition Zone,NA,Petronia petronia,Rock Sparrow,בארית הרים,1,,
Mediterranean-Desert Transition Zone,NA,Phoenicurus ochruros,Black Redstart,חכלילית סלעים,0,,
Mediterranean-Desert Transition Zone,NA,Phylloscopus collybita,Common Chiffchaff,עלווית חורף,0,,
Mediterranean-Desert Transition Zone,NA,Prinia gracilis,Graceful Prinia,פשוש,1,,
Mediterranean-Desert Transition Zone,NA,Psittacula krameri,Rose-ringed Parakeet,דררה,1,,
Mediterranean-Desert Transition Zone,NA,Pterocles orientalis,Black-bellied Sandgrouse,קטה גדולה,1,,
Mediterranean-Desert Transition Zone,NA,Ptyonoprogne fuligula,Rock Martin,סנונית מדבר,1,,
Mediterranean-Desert Transition Zone,NA,Pycnonotus xanthopygos,White-spectacled Bulbul,בולבול ממושקף,1,,
Mediterranean-Desert Transition Zone,NA,Rhodospiza obsoleta,Desert Finch,חצוצרן שחור-מקור,1,,
Mediterranean-Desert Transition Zone,NA,Scotocerca inquieta,Scrub Warbler,מדברון,1,,
Mediterranean-Desert Transition Zone,NA,Serinus serinus,European Serin,בזבוז אירופי,1,,
Mediterranean-Desert Transition Zone,NA,Spilopelia senegalensis,Laughing Dove,צוצלת,1,,
Mediterranean-Desert Transition Zone,NA,Streptopelia decaocto,Eurasian Collared-Dove,תור צווארון,1,,
Mediterranean-Desert Transition Zone,NA,Streptopelia turtur,European Turtle-Dove,תור מצוי,1,,
Mediterranean-Desert Transition Zone,NA,Turdus merula,Eurasian Blackbird,שחרור,1,,
Mediterranean-Desert Transition Zone,NA,Upupa epops,Eurasian Hoopoe,דוכיפת,1,,
Mediterranean-Desert Transition Zone,NA,Vanellus spinosus,Spur-winged Lapwing,סיקסק,1,,
Negev Highlands,NA,Accipiter nisus,Eurasian Sparrowhawk,נץ מצוי,1,,
Negev Highlands,NA,Acridotheres tristis,Common Myna,מיינה מצויה,1,,
Negev Highlands,NA,Alaudala rufescens/heinei,Mediterranean/Turkestan Short-toed Lark,עפרונן גמדי,1,,
Negev Highlands,NA,Alectoris chukar,Chukar,חוגלת סלעים,1,,
Negev Highlands,NA,Ammomanes cinctura,Bar-tailed Lark,עפרוני חכלילי,1,,
Negev Highlands,NA,Ammomanes deserti,Desert Lark,עפרוני מדבר,1,,
Negev Highlands,NA,Ammoperdix heyi,Sand Partridge,קורא מדברי,1,,
Negev Highlands,NA,Anas platyrhynchos,Mallard,ברכיה,1,?,
Negev Highlands,NA,Anthus campestris,Tawny Pipit,פפיון צהוב,0,,
Negev Highlands,NA,Apus apus,Common Swift,סיס חומות,0,,
Negev Highlands,NA,Apus melba,Alpine Swift,סיס הרים,0,?,דוגר במצוקים. סביר שנצפו פרטים חולפים
Negev Highlands,NA,Apus pallidus,Pallid Swift,סיס חוורוור,1,,
Negev Highlands,NA,Argya squamiceps,Arabian Babbler,זנבן ערבי,1,,
Negev Highlands,NA,Athene noctua,Little Owl,כוס החורבות,1,,
Negev Highlands,NA,Bubulcus ibis,Cattle Egret,אנפית בקר,1,,
Negev Highlands,NA,Bucanetes githagineus,Trumpeter Finch,חצוצרן מדבר,1,,
Negev Highlands,NA,Burhinus oedicnemus,Eurasian Thick-knee,כרוון מצוי,1,,
Negev Highlands,NA,Buteo buteo,Common Buzzard,עקב חורף,0,,
Negev Highlands,NA,Buteo rufinus,Long-legged Buzzard,עקב עיטי,1,,
Negev Highlands,NA,Calandrella brachydactyla,Greater Short-toed Lark,עפרונן קצר-אצבעות,1,,
Negev Highlands,NA,Carpospiza brachydactyla,Pale Rockfinch,דרורית קצרת-אצבעות,1,,
Negev Highlands,NA,Cercotrichas galactotes,Rufous-tailed Scrub-Robin,חמריה חלודת-זנב,1,,
Negev Highlands,NA,Chlamydotis macqueenii,Macqueen's Bustard,חוברה מדברית,1,,
Negev Highlands,NA,Chloris chloris,European Greenfinch,ירקון,1,,
Negev Highlands,NA,Cinnyris osea,Palestine Sunbird,צופית בוהקת,1,,
Negev Highlands,NA,Clanga pomarina,Lesser Spotted Eagle,עיט חורש,0,,
Negev Highlands,NA,Columba livia,Rock Pigeon,יונת סלעים,1,,
Negev Highlands,NA,Corvus cornix,Hooded Crow,עורב אפור,1,,
Negev Highlands,NA,Corvus ruficollis,Brown-necked Raven,עורב חום-עורף,1,,
Negev Highlands,NA,Coturnix coturnix,Common Quail,שליו נודד,0,,
Negev Highlands,NA,Curruca conspicillata,Spectacled Warbler,סבכי ערבות,1,,
Negev Highlands,NA,Curruca crassirostris,Eastern Orphean Warbler,סבכי חורש,0,,
Negev Highlands,NA,Curruca curruca,Lesser Whitethroat,סבכי טוחנים,0,,
Negev Highlands,NA,Cursorius cursor,Cream-colored Courser,רץ מדבר,1,,
Negev Highlands,NA,Delichon urbicum,Common House-Martin,טסית בתים,0,,
Negev Highlands,NA,Emberiza caesia,Cretzschmar's Bunting,גיבתון אדום-מקור,0,,
Negev Highlands,NA,Emberiza calandra,Corn Bunting,גיבתון עפרוני,0,?,דוגר לא שכיח וחורף שכיח
Negev Highlands,NA,Emberiza hortulana,Ortolan Bunting,גיבתון גנים,0,,
Negev Highlands,NA,Falco peregrinus pelegrinoides,Peregrine Falcon (Barbary),בז נודד מדברי,1,,
Negev Highlands,NA,Falco tinnunculus,Eurasian Kestrel,בז מצוי,1,,
Negev Highlands,NA,Galerida cristata,Crested Lark,עפרוני מצויץ,1,,
Negev Highlands,NA,Gyps fulvus,Eurasian Griffon,נשר מקראי,1,,
Negev Highlands,NA,Hirundo rustica,Barn Swallow,סנונית רפתות,0,,
Negev Highlands,NA,Iduna pallida,Eastern Olivaceous Warbler,שיחנית קטנה,1,,
Negev Highlands,NA,Lanius excubitor,Great Gray Shrike,חנקן גדול,1,,
Negev Highlands,NA,Lanius nubicus,Masked Shrike,חנקן נובי,0,,
Negev Highlands,NA,Lanius senator,Woodchat Shrike,חנקן אדום-ראש,0,,
Negev Highlands,NA,Linaria cannabina,Eurasian Linnet,תפוחית מצויה,1,,
Negev Highlands,NA,Luscinia megarhynchos,Common Nightingale,זמיר הירדן,0,,
Negev Highlands,NA,Merops apiaster,European Bee-eater,שרקרק מצוי,0,,
Negev Highlands,NA,Merops cyanophrys,Arabian Green Bee-eater,שרקרק גמדי,1,,
Negev Highlands,NA,Motacilla alba,White Wagtail,נחליאלי לבן,0,,
Negev Highlands,NA,Motacilla flava,Western Yellow Wagtail,נחליאלי צהוב,0,,
Negev Highlands,NA,Muscicapa striata,Spotted Flycatcher,חטפית אפורה,0,,
Negev Highlands,NA,Oenanthe hispanica/melanoleuca,Western/Eastern Black-eared Wheatear,סלעית קיץ,0,,
Negev Highlands,NA,Oenanthe isabellina,Isabelline Wheatear,סלעית ערבות,1,,
Negev Highlands,NA,Oenanthe lugens,Mourning Wheatear,סלעית לבנת-כנף,1,,
Negev Highlands,NA,Oenanthe melanura,Blackstart,שחור זנב,1,,
Negev Highlands,NA,Oenanthe oenanthe,Northern Wheatear,סלעית אירופית,0,,
Negev Highlands,NA,Onychognathus tristramii,Tristram's Starling,טריסטרמית,1,,
Negev Highlands,NA,Parus major,Great Tit,ירגזי מצוי,1,,
Negev Highlands,NA,Passer domesticus,House Sparrow,דרור הבית,1,,
Negev Highlands,NA,Passer hispaniolensis,Spanish Sparrow,דרור ספרדי,1,,
Negev Highlands,NA,Phylloscopus collybita,Common Chiffchaff,עלווית חורף,0,,
Negev Highlands,NA,Phylloscopus orientalis,Eastern Bonelli's Warbler,עלווית לבנת-בטן,0,,
Negev Highlands,NA,Prinia gracilis,Graceful Prinia,פשוש,1,,
Negev Highlands,NA,Pterocles alchata,Pin-tailed Sandgrouse,קטה חדת-זנב,1,,
Negev Highlands,NA,Pterocles coronatus,Crowned Sandgrouse,קטת כתר,1,,
Negev Highlands,NA,Pterocles orientalis,Black-bellied Sandgrouse,קטה גדולה,1,,
Negev Highlands,NA,Pterocles senegallus,Spotted Sandgrouse,קטה סנגלית,1,,
Negev Highlands,NA,Ptyonoprogne fuligula,Rock Martin,סנונית מדבר,1,,
Negev Highlands,NA,Ptyonoprogne rupestris,Eurasian Crag-Martin,סנונית סלעים,0,,
Negev Highlands,NA,Pycnonotus xanthopygos,White-spectacled Bulbul,בולבול ממושקף,1,,
Negev Highlands,NA,Rhodospiza obsoleta,Desert Finch,חצוצרן שחור-מקור,1,,
Negev Highlands,NA,Scotocerca inquieta,Scrub Warbler,מדברון,1,,
Negev Highlands,NA,Spilopelia senegalensis,Laughing Dove,צוצלת,1,,
Negev Highlands,NA,Streptopelia decaocto,Eurasian Collared-Dove,תור צווארון,1,,
Negev Highlands,NA,Streptopelia turtur,European Turtle-Dove,תור מצוי,1,,
Negev Highlands,NA,Upupa epops,Eurasian Hoopoe,דוכיפת,1,,
Negev Highlands,NA,Vanellus spinosus,Spur-winged Lapwing,סיקסק,1,,
Planted Conifer Forest,Carmel,Accipiter nisus,Eurasian Sparrowhawk,נץ מצוי,1,,
Planted Conifer Forest,Carmel,Alectoris chukar,Chukar,חוגלת סלעים,1,,
Planted Conifer Forest,Carmel,Apus apus,Common Swift,סיס חומות,0,?,דוגר בערים עד קו באר שבע. סביר שנצפו אוכלוסיות נודדות
Planted Conifer Forest,Carmel,Bubulcus ibis,Cattle Egret,אנפית בקר,1,,
Planted Conifer Forest,Carmel,Burhinus oedicnemus,Eurasian Thick-knee,כרוון מצוי,1,,
Planted Conifer Forest,Carmel,Buteo buteo,Common Buzzard,עקב חורף,0,,
Planted Conifer Forest,Carmel,Buteo rufinus,Long-legged Buzzard,עקב עיטי,1,,
Planted Conifer Forest,Carmel,Carduelis carduelis,European Goldfinch,חוחית,1,,
Planted Conifer Forest,Carmel,Cecropis daurica,Red-rumped Swallow,סנונית מערות,1,,
Planted Conifer Forest,Carmel,Cercotrichas galactotes,Rufous-tailed Scrub-Robin,חמריה חלודת-זנב,1,,
Planted Conifer Forest,Carmel,Cettia cetti,Cetti's Warbler,צטיה חלודית,1,,
Planted Conifer Forest,Carmel,Chloris chloris,European Greenfinch,ירקון,1,,
Planted Conifer Forest,Carmel,Cinnyris osea,Palestine Sunbird,צופית בוהקת,1,,
Planted Conifer Forest,Carmel,Circaetus gallicus,Short-toed Snake-Eagle,חיוויאי הנחשים,1,,
Planted Conifer Forest,Carmel,Clamator glandarius,Great Spotted Cuckoo,קוקיה מצויצת,1,,
Planted Conifer Forest,Carmel,Columba livia,Rock Pigeon,יונת סלעים,1,,
Planted Conifer Forest,Carmel,Corvus cornix,Hooded Crow,עורב אפור,1,,
Planted Conifer Forest,Carmel,Corvus monedula,Eurasian Jackdaw,קאק,1,,
Planted Conifer Forest,Carmel,Cuculus canorus,Common Cuckoo,קוקיה אירופית,0,,
Planted Conifer Forest,Carmel,Curruca curruca,Lesser Whitethroat,סבכי טוחנים,1,,
Planted Conifer Forest,Carmel,Curruca melanocephala,Sardinian Warbler,סבכי שחור-ראש,1,,
Planted Conifer Forest,Carmel,Dendrocopos syriacus,Syrian Woodpecker,נקר סורי,1,,
Planted Conifer Forest,Carmel,Falco subbuteo,Eurasian Hobby,בז עצים,1,,
Planted Conifer Forest,Carmel,Falco tinnunculus,Eurasian Kestrel,בז מצוי,1,,
Planted Conifer Forest,Carmel,Garrulus glandarius,Eurasian Jay,עורבני שחור-כיפה,1,,
Planted Conifer Forest,Carmel,Halcyon smyrnensis,White-throated Kingfisher,שלדג לבן חזה,1,,
Planted Conifer Forest,Carmel,Hirundo rustica,Barn Swallow,סנונית רפתות,1,,
Planted Conifer Forest,Carmel,Iduna pallida,Eastern Olivaceous Warbler,שיחנית קטנה,1,,
Planted Conifer Forest,Carmel,Lanius nubicus,Masked Shrike,חנקן נובי,1,,
Planted Conifer Forest,Carmel,Luscinia megarhynchos,Common Nightingale,זמיר הירדן,0,,
Planted Conifer Forest,Carmel,Merops apiaster,European Bee-eater,שרקרק מצוי,1,,
Planted Conifer Forest,Carmel,Muscicapa striata,Spotted Flycatcher,חטפית אפורה,1,,
Planted Conifer Forest,Carmel,Parus major,Great Tit,ירגזי מצוי,1,,
Planted Conifer Forest,Carmel,Prinia gracilis,Graceful Prinia,פשוש,1,,
Planted Conifer Forest,Carmel,Psittacula krameri,Rose-ringed Parakeet,דררה,1,,
Planted Conifer Forest,Carmel,Pycnonotus xanthopygos,White-spectacled Bulbul,בולבול ממושקף,1,,
Planted Conifer Forest,Carmel,Streptopelia decaocto,Eurasian Collared-Dove,תור צווארון,1,,
Planted Conifer Forest,Carmel,Streptopelia turtur,European Turtle-Dove,תור מצוי,1,,
Planted Conifer Forest,Carmel,Troglodytes troglodytes,Eurasian Wren,גדרון מובהק,1,,
Planted Conifer Forest,Carmel,Turdus merula,Eurasian Blackbird,שחרור,1,,
Planted Conifer Forest,Carmel,Upupa epops,Eurasian Hoopoe,דוכיפת,1,,
Planted Conifer Forest,Galilee,Accipiter nisus,Eurasian Sparrowhawk,נץ מצוי,1,,
Planted Conifer Forest,Galilee,Alectoris chukar,Chukar,חוגלת סלעים,1,,
Planted Conifer Forest,Galilee,Apus apus,Common Swift,סיס חומות,0,?,דוגר בערים עד קו באר שבע. סביר שנצפו אוכלוסיות נודדות
Planted Conifer Forest,Galilee,Bubulcus ibis,Cattle Egret,אנפית בקר,1,,
Planted Conifer Forest,Galilee,Buteo buteo,Common Buzzard,עקב חורף,0,?,עקב חורף ״מזרחי״ דוגר נדיר מאוד בגליל ובגולן
Planted Conifer Forest,Galilee,Carduelis carduelis,European Goldfinch,חוחית,1,,
Planted Conifer Forest,Galilee,Cettia cetti,Cetti's Warbler,צטיה חלודית,1,,
Planted Conifer Forest,Galilee,Chloris chloris,European Greenfinch,ירקון,1,,
Planted Conifer Forest,Galilee,Cinnyris osea,Palestine Sunbird,צופית בוהקת,1,,
Planted Conifer Forest,Galilee,Circaetus gallicus,Short-toed Snake-Eagle,חיוויאי הנחשים,1,,
Planted Conifer Forest,Galilee,Circus aeruginosus,Eurasian Marsh-Harrier,זרון סוף,0,,
Planted Conifer Forest,Galilee,Clamator glandarius,Great Spotted Cuckoo,קוקיה מצויצת,1,,
Planted Conifer Forest,Galilee,Corvus corax,Common Raven,עורב שחור,1,,
Planted Conifer Forest,Galilee,Corvus cornix,Hooded Crow,עורב אפור,1,,
Planted Conifer Forest,Galilee,Curruca crassirostris,Eastern Orphean Warbler,סבכי חורש,1,,
Planted Conifer Forest,Galilee,Curruca curruca,Lesser Whitethroat,סבכי טוחנים,1,,
Planted Conifer Forest,Galilee,Curruca melanocephala,Sardinian Warbler,סבכי שחור-ראש,1,,
Planted Conifer Forest,Galilee,Delichon urbicum,Common House-Martin,טסית בתים,1,,
Planted Conifer Forest,Galilee,Dendrocopos syriacus,Syrian Woodpecker,נקר סורי,1,,
Planted Conifer Forest,Galilee,Emberiza caesia,Cretzschmar's Bunting,גיבתון אדום-מקור,1,,
Planted Conifer Forest,Galilee,Emberiza hortulana,Ortolan Bunting,גיבתון גנים,0,,
Planted Conifer Forest,Galilee,Falco subbuteo,Eurasian Hobby,בז עצים,1,,
Planted Conifer Forest,Galilee,Falco tinnunculus,Eurasian Kestrel,בז מצוי,1,,
Planted Conifer Forest,Galilee,Garrulus glandarius,Eurasian Jay,עורבני שחור-כיפה,1,,
Planted Conifer Forest,Galilee,Hirundo rustica,Barn Swallow,סנונית רפתות,1,,
Planted Conifer Forest,Galilee,Luscinia megarhynchos,Common Nightingale,זמיר הירדן,0,,
Planted Conifer Forest,Galilee,Merops apiaster,European Bee-eater,שרקרק מצוי,1,,
Planted Conifer Forest,Galilee,Milvus migrans,Black Kite,דיה שחורה,0,,
Planted Conifer Forest,Galilee,Muscicapa striata,Spotted Flycatcher,חטפית אפורה,1,,
Planted Conifer Forest,Galilee,Oriolus oriolus,Eurasian Golden Oriole,זהבן מחלל,0,,
Planted Conifer Forest,Galilee,Parus major,Great Tit,ירגזי מצוי,1,,
Planted Conifer Forest,Galilee,Phylloscopus collybita,Common Chiffchaff,עלווית חורף,0,,
Planted Conifer Forest,Galilee,Phylloscopus orientalis,Eastern Bonelli's Warbler,עלווית לבנת-בטן,0,?,דוגרת נדירה בחרמון ואולי גם בגליל. סביר שנצפו פרטים חולפים
Planted Conifer Forest,Galilee,Poecile lugubris,Sombre Tit,ירגזי חרמון,0,,מעריך שזו טעות ברישום. היה רישום לפני שנתיים שגיליתי בוואלידציה וביקשתי לשנות לירגזי מצוי
Planted Conifer Forest,Galilee,Prinia gracilis,Graceful Prinia,פשוש,1,,
Planted Conifer Forest,Galilee,Psittacula krameri,Rose-ringed Parakeet,דררה,1,,
Planted Conifer Forest,Galilee,Pycnonotus xanthopygos,White-spectacled Bulbul,בולבול ממושקף,1,,
Planted Conifer Forest,Galilee,Spilopelia senegalensis,Laughing Dove,צוצלת,1,,
Planted Conifer Forest,Galilee,Streptopelia decaocto,Eurasian Collared-Dove,תור צווארון,1,,
Planted Conifer Forest,Galilee,Streptopelia turtur,European Turtle-Dove,תור מצוי,1,,
Planted Conifer Forest,Galilee,Strix aluco,Tawny Owl,לילית מצויה,1,,
Planted Conifer Forest,Galilee,Troglodytes troglodytes,Eurasian Wren,גדרון מובהק,1,,
Planted Conifer Forest,Galilee,Turdus merula,Eurasian Blackbird,שחרור,1,,
Planted Conifer Forest,Judean Highlands,Accipiter nisus,Eurasian Sparrowhawk,נץ מצוי,1,,
Planted Conifer Forest,Judean Highlands,Alectoris chukar,Chukar,חוגלת סלעים,1,,
Planted Conifer Forest,Judean Highlands,Apus apus,Common Swift,סיס חומות,0,,
Planted Conifer Forest,Judean Highlands,Carduelis carduelis,European Goldfinch,חוחית,1,,
Planted Conifer Forest,Judean Highlands,Chloris chloris,European Greenfinch,ירקון,1,,
Planted Conifer Forest,Judean Highlands,Cinnyris osea,Palestine Sunbird,צופית בוהקת,1,,
Planted Conifer Forest,Judean Highlands,Circaetus gallicus,Short-toed Snake-Eagle,חיוויאי הנחשים,1,,
Planted Conifer Forest,Judean Highlands,Columba livia,Rock Pigeon,יונת סלעים,1,,
Planted Conifer Forest,Judean Highlands,Coracias garrulus,European Roller,כחל מצוי,1,,
Planted Conifer Forest,Judean Highlands,Corvus cornix,Hooded Crow,עורב אפור,1,,
Planted Conifer Forest,Judean Highlands,Corvus monedula,Eurasian Jackdaw,קאק,1,,
Planted Conifer Forest,Judean Highlands,Curruca curruca,Lesser Whitethroat,סבכי טוחנים,0,?,דוגר נדיר בחורש. חולף נפוץ
Planted Conifer Forest,Judean Highlands,Curruca melanocephala,Sardinian Warbler,סבכי שחור-ראש,1,,
Planted Conifer Forest,Judean Highlands,Dendrocopos syriacus,Syrian Woodpecker,נקר סורי,1,,
Planted Conifer Forest,Judean Highlands,Emberiza hortulana,Ortolan Bunting,גיבתון גנים,0,,
Planted Conifer Forest,Judean Highlands,Falco subbuteo,Eurasian Hobby,בז עצים,1,,
Planted Conifer Forest,Judean Highlands,Falco tinnunculus,Eurasian Kestrel,בז מצוי,1,,
Planted Conifer Forest,Judean Highlands,Galerida cristata,Crested Lark,עפרוני מצויץ,1,,
Planted Conifer Forest,Judean Highlands,Garrulus glandarius,Eurasian Jay,עורבני שחור-כיפה,1,,
Planted Conifer Forest,Judean Highlands,Hirundo rustica,Barn Swallow,סנונית רפתות,1,?,דוגרת בערים ויישובים
Planted Conifer Forest,Judean Highlands,Iduna pallida,Eastern Olivaceous Warbler,שיחנית קטנה,1,,
Planted Conifer Forest,Judean Highlands,Lanius nubicus,Masked Shrike,חנקן נובי,1,,
Planted Conifer Forest,Judean Highlands,Merops apiaster,European Bee-eater,שרקרק מצוי,1,,
Planted Conifer Forest,Judean Highlands,Muscicapa striata,Spotted Flycatcher,חטפית אפורה,1,,
Planted Conifer Forest,Judean Highlands,Parus major,Great Tit,ירגזי מצוי,1,,
Planted Conifer Forest,Judean Highlands,Passer domesticus,House Sparrow,דרור הבית,1,,
Planted Conifer Forest,Judean Highlands,Passer hispaniolensis,Spanish Sparrow,דרור ספרדי,1,,
Planted Conifer Forest,Judean Highlands,Phylloscopus collybita,Common Chiffchaff,עלווית חורף,0,,
Planted Conifer Forest,Judean Highlands,Phylloscopus orientalis,Eastern Bonelli's Warbler,עלווית לבנת-בטן,0,,
Planted Conifer Forest,Judean Highlands,Prinia gracilis,Graceful Prinia,פשוש,1,,
Planted Conifer Forest,Judean Highlands,Psittacula krameri,Rose-ringed Parakeet,דררה,1,,
Planted Conifer Forest,Judean Highlands,Pycnonotus xanthopygos,White-spectacled Bulbul,בולבול ממושקף,1,,
Planted Conifer Forest,Judean Highlands,Serinus serinus,European Serin,בזבוז אירופי,1,,
Planted Conifer Forest,Judean Highlands,Streptopelia decaocto,Eurasian Collared-Dove,תור צווארון,1,,
Planted Conifer Forest,Judean Highlands,Streptopelia turtur,European Turtle-Dove,תור מצוי,1,,
Planted Conifer Forest,Judean Highlands,Troglodytes troglodytes,Eurasian Wren,גדרון מובהק,1,,
Planted Conifer Forest,Judean Highlands,Turdus merula,Eurasian Blackbird,שחרור,1,,
